AI_Tool,Average_Usefulness_Score
Chatgpt,8.139130434782608
Gemini,7.983739837398374
Grammarly,8.008196721311476
Quillbot,8.073770491803279
Notion Ai,8.201754385964913
Phind,7.858267716535433
Edu Chat,8.114285714285714
Other,7.96
