country,avg_stress_level
Australia,6.216666666666667
Brazil,6.510204081632653
Canada,6.26530612244898
Germany,6.2
India,6.795918367346939
Japan,6.351851851851852
Nigeria,6.634615384615385
South Korea,6.037735849056604
UK,6.214285714285714
USA,6.142857142857143
